{ "frames": [
   {
    "filename": "footright 0.aseprite",
    "frame": { "x": 0, "y": 0, "w": 24, "h": 24 },
    "rotated": false,
    "trimmed": false,
    "spriteSourceSize": { "x": 0, "y": 0, "w": 24, "h": 24 },
    "sourceSize": { "w": 24, "h": 24 },
    "duration": 100
   },
   {
    "filename": "footright 1.aseprite",
    "frame": { "x": 24, "y": 0, "w": 24, "h": 24 },
    "rotated": false,
    "trimmed": false,
    "spriteSourceSize": { "x": 0, "y": 0, "w": 24, "h": 24 },
    "sourceSize": { "w": 24, "h": 24 },
    "duration": 100
   }
 ],
 "meta": {
  "app": "http://www.aseprite.org/",
  "version": "1.2.9",
  "format": "I8",
  "size": { "w": 48, "h": 24 },
  "scale": "1",
  "frameTags": [
   { "name": "Normal", "from": 0, "to": 0, "direction": "forward" },
   { "name": "Tap", "from": 1, "to": 1, "direction": "forward" }
  ],
  "layers": [
   { "name": "Layer 1", "opacity": 255, "blendMode": "normal" }
  ],
  "slices": [
  ]
 }
}
