{ "frames": [
   {
    "filename": "hurdle 0.aseprite",
    "frame": { "x": 0, "y": 0, "w": 32, "h": 42 },
    "rotated": false,
    "trimmed": false,
    "spriteSourceSize": { "x": 0, "y": 0, "w": 32, "h": 42 },
    "sourceSize": { "w": 32, "h": 42 },
    "duration": 100
   },
   {
    "filename": "hurdle 1.aseprite",
    "frame": { "x": 32, "y": 0, "w": 32, "h": 42 },
    "rotated": false,
    "trimmed": false,
    "spriteSourceSize": { "x": 0, "y": 0, "w": 32, "h": 42 },
    "sourceSize": { "w": 32, "h": 42 },
    "duration": 100
   }
 ],
 "meta": {
  "app": "http://www.aseprite.org/",
  "version": "1.2.9",
  "format": "I8",
  "size": { "w": 64, "h": 42 },
  "scale": "1",
  "frameTags": [
   { "name": "Good", "from": 0, "to": 0, "direction": "forward" },
   { "name": "Bad", "from": 1, "to": 1, "direction": "forward" }
  ],
  "layers": [
   { "name": "Layer 2", "opacity": 255, "blendMode": "normal" }
  ],
  "slices": [
  ]
 }
}
