{ "frames": [
   {
    "filename": "runer1run 0.aseprite",
    "frame": { "x": 0, "y": 0, "w": 52, "h": 32 },
    "rotated": false,
    "trimmed": false,
    "spriteSourceSize": { "x": 0, "y": 0, "w": 52, "h": 32 },
    "sourceSize": { "w": 52, "h": 32 },
    "duration": 500
   },
   {
    "filename": "runer1run 1.aseprite",
    "frame": { "x": 52, "y": 0, "w": 52, "h": 32 },
    "rotated": false,
    "trimmed": false,
    "spriteSourceSize": { "x": 0, "y": 0, "w": 52, "h": 32 },
    "sourceSize": { "w": 52, "h": 32 },
    "duration": 700
   },
   {
    "filename": "runer1run 2.aseprite",
    "frame": { "x": 104, "y": 0, "w": 52, "h": 32 },
    "rotated": false,
    "trimmed": false,
    "spriteSourceSize": { "x": 0, "y": 0, "w": 52, "h": 32 },
    "sourceSize": { "w": 52, "h": 32 },
    "duration": 700
   },
   {
    "filename": "runer1run 3.aseprite",
    "frame": { "x": 156, "y": 0, "w": 52, "h": 32 },
    "rotated": false,
    "trimmed": false,
    "spriteSourceSize": { "x": 0, "y": 0, "w": 52, "h": 32 },
    "sourceSize": { "w": 52, "h": 32 },
    "duration": 700
   },
   {
    "filename": "runer1run 4.aseprite",
    "frame": { "x": 208, "y": 0, "w": 52, "h": 32 },
    "rotated": false,
    "trimmed": false,
    "spriteSourceSize": { "x": 0, "y": 0, "w": 52, "h": 32 },
    "sourceSize": { "w": 52, "h": 32 },
    "duration": 50
   },
   {
    "filename": "runer1run 5.aseprite",
    "frame": { "x": 260, "y": 0, "w": 52, "h": 32 },
    "rotated": false,
    "trimmed": false,
    "spriteSourceSize": { "x": 0, "y": 0, "w": 52, "h": 32 },
    "sourceSize": { "w": 52, "h": 32 },
    "duration": 50
   },
   {
    "filename": "runer1run 6.aseprite",
    "frame": { "x": 312, "y": 0, "w": 52, "h": 32 },
    "rotated": false,
    "trimmed": false,
    "spriteSourceSize": { "x": 0, "y": 0, "w": 52, "h": 32 },
    "sourceSize": { "w": 52, "h": 32 },
    "duration": 50
   },
   {
    "filename": "runer1run 7.aseprite",
    "frame": { "x": 364, "y": 0, "w": 52, "h": 32 },
    "rotated": false,
    "trimmed": false,
    "spriteSourceSize": { "x": 0, "y": 0, "w": 52, "h": 32 },
    "sourceSize": { "w": 52, "h": 32 },
    "duration": 50
   },
   {
    "filename": "runer1run 8.aseprite",
    "frame": { "x": 416, "y": 0, "w": 52, "h": 32 },
    "rotated": false,
    "trimmed": false,
    "spriteSourceSize": { "x": 0, "y": 0, "w": 52, "h": 32 },
    "sourceSize": { "w": 52, "h": 32 },
    "duration": 50
   },
   {
    "filename": "runer1run 9.aseprite",
    "frame": { "x": 468, "y": 0, "w": 52, "h": 32 },
    "rotated": false,
    "trimmed": false,
    "spriteSourceSize": { "x": 0, "y": 0, "w": 52, "h": 32 },
    "sourceSize": { "w": 52, "h": 32 },
    "duration": 50
   },
   {
    "filename": "runer1run 10.aseprite",
    "frame": { "x": 520, "y": 0, "w": 52, "h": 32 },
    "rotated": false,
    "trimmed": false,
    "spriteSourceSize": { "x": 0, "y": 0, "w": 52, "h": 32 },
    "sourceSize": { "w": 52, "h": 32 },
    "duration": 50
   },
   {
    "filename": "runer1run 11.aseprite",
    "frame": { "x": 572, "y": 0, "w": 52, "h": 32 },
    "rotated": false,
    "trimmed": false,
    "spriteSourceSize": { "x": 0, "y": 0, "w": 52, "h": 32 },
    "sourceSize": { "w": 52, "h": 32 },
    "duration": 50
   },
   {
    "filename": "runer1run 12.aseprite",
    "frame": { "x": 624, "y": 0, "w": 52, "h": 32 },
    "rotated": false,
    "trimmed": false,
    "spriteSourceSize": { "x": 0, "y": 0, "w": 52, "h": 32 },
    "sourceSize": { "w": 52, "h": 32 },
    "duration": 50
   },
   {
    "filename": "runer1run 13.aseprite",
    "frame": { "x": 676, "y": 0, "w": 52, "h": 32 },
    "rotated": false,
    "trimmed": false,
    "spriteSourceSize": { "x": 0, "y": 0, "w": 52, "h": 32 },
    "sourceSize": { "w": 52, "h": 32 },
    "duration": 100
   },
   {
    "filename": "runer1run 14.aseprite",
    "frame": { "x": 728, "y": 0, "w": 52, "h": 32 },
    "rotated": false,
    "trimmed": false,
    "spriteSourceSize": { "x": 0, "y": 0, "w": 52, "h": 32 },
    "sourceSize": { "w": 52, "h": 32 },
    "duration": 150
   },
   {
    "filename": "runer1run 15.aseprite",
    "frame": { "x": 780, "y": 0, "w": 52, "h": 32 },
    "rotated": false,
    "trimmed": false,
    "spriteSourceSize": { "x": 0, "y": 0, "w": 52, "h": 32 },
    "sourceSize": { "w": 52, "h": 32 },
    "duration": 150
   },
   {
    "filename": "runer1run 16.aseprite",
    "frame": { "x": 832, "y": 0, "w": 52, "h": 32 },
    "rotated": false,
    "trimmed": false,
    "spriteSourceSize": { "x": 0, "y": 0, "w": 52, "h": 32 },
    "sourceSize": { "w": 52, "h": 32 },
    "duration": 200
   },
   {
    "filename": "runer1run 17.aseprite",
    "frame": { "x": 884, "y": 0, "w": 52, "h": 32 },
    "rotated": false,
    "trimmed": false,
    "spriteSourceSize": { "x": 0, "y": 0, "w": 52, "h": 32 },
    "sourceSize": { "w": 52, "h": 32 },
    "duration": 150
   },
   {
    "filename": "runer1run 18.aseprite",
    "frame": { "x": 936, "y": 0, "w": 52, "h": 32 },
    "rotated": false,
    "trimmed": false,
    "spriteSourceSize": { "x": 0, "y": 0, "w": 52, "h": 32 },
    "sourceSize": { "w": 52, "h": 32 },
    "duration": 100
   },
   {
    "filename": "runer1run 19.aseprite",
    "frame": { "x": 988, "y": 0, "w": 52, "h": 32 },
    "rotated": false,
    "trimmed": false,
    "spriteSourceSize": { "x": 0, "y": 0, "w": 52, "h": 32 },
    "sourceSize": { "w": 52, "h": 32 },
    "duration": 100
   },
   {
    "filename": "runer1run 20.aseprite",
    "frame": { "x": 1040, "y": 0, "w": 52, "h": 32 },
    "rotated": false,
    "trimmed": false,
    "spriteSourceSize": { "x": 0, "y": 0, "w": 52, "h": 32 },
    "sourceSize": { "w": 52, "h": 32 },
    "duration": 500
   },
   {
    "filename": "runer1run 21.aseprite",
    "frame": { "x": 1092, "y": 0, "w": 52, "h": 32 },
    "rotated": false,
    "trimmed": false,
    "spriteSourceSize": { "x": 0, "y": 0, "w": 52, "h": 32 },
    "sourceSize": { "w": 52, "h": 32 },
    "duration": 700
   }
 ],
 "meta": {
  "app": "http://www.aseprite.org/",
  "version": "1.2.9",
  "format": "RGBA8888",
  "size": { "w": 1144, "h": 32 },
  "scale": "1",
  "frameTags": [
   { "name": "Ready", "from": 0, "to": 1, "direction": "forward" },
   { "name": "Start", "from": 2, "to": 3, "direction": "forward" },
   { "name": "Left", "from": 4, "to": 7, "direction": "forward" },
   { "name": "Right", "from": 8, "to": 11, "direction": "forward" },
   { "name": "Fall", "from": 12, "to": 19, "direction": "forward" },
   { "name": "Idle", "from": 20, "to": 21, "direction": "forward" }
  ],
  "layers": [
   { "name": "Layer 1", "opacity": 255, "blendMode": "normal" }
  ],
  "slices": [
  ]
 }
}
